{
  "token_acc":1.0,
  "token_p":1.0,
  "token_r":1.0,
  "token_f":1.0,
  "sents_p":null,
  "sents_r":null,
  "sents_f":null,
  "cats_score":0.3006677335,
  "cats_score_desc":"macro F",
  "cats_micro_p":0.5974842767,
  "cats_micro_r":0.5974842767,
  "cats_micro_f":0.5974842767,
  "cats_macro_p":0.3103346602,
  "cats_macro_r":0.421367014,
  "cats_macro_f":0.3006677335,
  "cats_macro_auc":0.9785614834,
  "cats_f_per_type":{
    "ZM1":{
      "p":0.9833333333,
      "r":0.6210526316,
      "f":0.7612903226
    },
    "ZAE A":{
      "p":1.0,
      "r":0.25,
      "f":0.4
    },
    "ZAE B":{
      "p":1.0,
      "r":0.5,
      "f":0.6666666667
    },
    "ZAE C":{
      "p":0.2857142857,
      "r":1.0,
      "f":0.4444444444
    },
    "ZR":{
      "p":0.7058823529,
      "r":0.8571428571,
      "f":0.7741935484
    },
    "ZM2":{
      "p":0.4285714286,
      "r":1.0,
      "f":0.6
    },
    "ZM4":{
      "p":0.0,
      "r":0.0,
      "f":0.0
    },
    "ZC2":{
      "p":0.35,
      "r":0.7777777778,
      "f":0.4827586207
    },
    "ZC4":{
      "p":0.5,
      "r":1.0,
      "f":0.6666666667
    },
    "ZR-A":{
      "p":0.0,
      "r":0.0,
      "f":0.0
    },
    "ZR-B":{
      "p":0.0,
      "r":0.0,
      "f":0.0
    },
    "ZAE-A":{
      "p":0.1428571429,
      "r":1.0,
      "f":0.25
    },
    "ZAE-C":{
      "p":0.5,
      "r":1.0,
      "f":0.6666666667
    },
    "ZAE-A-BG":{
      "p":0.0,
      "r":0.0,
      "f":0.0
    },
    "ZAE-C-BG":{
      "p":0.0,
      "r":0.0,
      "f":0.0
    },
    "ZM1-A-BG":{
      "p":0.0,
      "r":0.0,
      "f":0.0
    },
    "ZM1-B-BG":{
      "p":0.0,
      "r":0.0,
      "f":0.0
    },
    "ZM1-C-BG":{
      "p":0.0,
      "r":0.0,
      "f":0.0
    },
    "ZAE-B":{
      "p":0.0,
      "r":0.0,
      "f":0.0
    }
  },
  "cats_auc_per_type":{
    "ZM1":1.0,
    "ZAE A":0.9919354839,
    "ZAE B":0.8909090909,
    "ZAE C":1.0,
    "ZR":0.9957328386,
    "ZM2":0.9377185315,
    "ZM4":0.9561151079,
    "ZC2":1.0,
    "ZC4":0.999734748,
    "ZR-A":1.0,
    "ZR-B":1.0,
    "ZAE-A":0.9648309706,
    "ZAE-C":0.9599236641,
    "ZAE-A-BG":0.9648309706,
    "ZAE-C-BG":0.9599236641,
    "ZM1-A-BG":0.9746770026,
    "ZM1-B-BG":0.9980759981,
    "ZM1-C-BG":0.9982601131,
    "ZAE-B":1.0
  },
  "speed":525151.6682893131
}