{
  "token_acc":1.0,
  "token_p":1.0,
  "token_r":1.0,
  "token_f":1.0,
  "sents_p":null,
  "sents_r":null,
  "sents_f":null,
  "cats_score":0.3147376177,
  "cats_score_desc":"macro F",
  "cats_micro_p":0.5283018868,
  "cats_micro_r":0.5283018868,
  "cats_micro_f":0.5283018868,
  "cats_macro_p":0.3139317776,
  "cats_macro_r":0.4442399859,
  "cats_macro_f":0.3147376177,
  "cats_macro_auc":0.9797501689,
  "cats_f_per_type":{
    "ZM1":{
      "p":1.0,
      "r":0.4842105263,
      "f":0.6524822695
    },
    "ZAE A":{
      "p":1.0,
      "r":0.25,
      "f":0.4
    },
    "ZAE B":{
      "p":0.6666666667,
      "r":1.0,
      "f":0.8
    },
    "ZAE C":{
      "p":0.3333333333,
      "r":1.0,
      "f":0.5
    },
    "ZR":{
      "p":0.4642857143,
      "r":0.9285714286,
      "f":0.619047619
    },
    "ZM2":{
      "p":0.375,
      "r":1.0,
      "f":0.5454545455
    },
    "ZM4":{
      "p":0.0,
      "r":0.0,
      "f":0.0
    },
    "ZC2":{
      "p":0.5384615385,
      "r":0.7777777778,
      "f":0.6363636364
    },
    "ZC4":{
      "p":0.5,
      "r":1.0,
      "f":0.6666666667
    },
    "ZR-A":{
      "p":0.0,
      "r":0.0,
      "f":0.0
    },
    "ZR-B":{
      "p":0.0,
      "r":0.0,
      "f":0.0
    },
    "ZAE-A":{
      "p":1.0,
      "r":1.0,
      "f":1.0
    },
    "ZAE-C":{
      "p":0.0869565217,
      "r":1.0,
      "f":0.16
    },
    "ZAE-A-BG":{
      "p":0.0,
      "r":0.0,
      "f":0.0
    },
    "ZAE-C-BG":{
      "p":0.0,
      "r":0.0,
      "f":0.0
    },
    "ZM1-A-BG":{
      "p":0.0,
      "r":0.0,
      "f":0.0
    },
    "ZM1-B-BG":{
      "p":0.0,
      "r":0.0,
      "f":0.0
    },
    "ZM1-C-BG":{
      "p":0.0,
      "r":0.0,
      "f":0.0
    },
    "ZAE-B":{
      "p":0.0,
      "r":0.0,
      "f":0.0
    }
  },
  "cats_auc_per_type":{
    "ZM1":1.0,
    "ZAE A":0.9919354839,
    "ZAE B":0.9688311688,
    "ZAE C":1.0,
    "ZR":1.0,
    "ZM2":0.9379370629,
    "ZM4":0.9582733813,
    "ZC2":1.0,
    "ZC4":0.999204244,
    "ZR-A":1.0,
    "ZR-B":1.0,
    "ZAE-A":0.9664667394,
    "ZAE-C":0.9599236641,
    "ZAE-A-BG":0.9664667394,
    "ZAE-C-BG":0.9599236641,
    "ZM1-A-BG":0.9607235142,
    "ZM1-B-BG":0.9470899471,
    "ZM1-C-BG":0.998477599,
    "ZAE-B":1.0
  },
  "speed":492897.1796446766
}