{
  "token_acc":1.0,
  "token_p":1.0,
  "token_r":1.0,
  "token_f":1.0,
  "sents_p":null,
  "sents_r":null,
  "sents_f":null,
  "cats_score":0.3588883806,
  "cats_score_desc":"macro F",
  "cats_micro_p":0.6540880503,
  "cats_micro_r":0.6540880503,
  "cats_micro_f":0.6540880503,
  "cats_macro_p":0.3646702541,
  "cats_macro_r":0.4846216418,
  "cats_macro_f":0.3588883806,
  "cats_macro_auc":0.982786697,
  "cats_f_per_type":{
    "ZM1":{
      "p":1.0,
      "r":0.6736842105,
      "f":0.8050314465
    },
    "ZAE A":{
      "p":0.8,
      "r":1.0,
      "f":0.8888888889
    },
    "ZAE B":{
      "p":0.6666666667,
      "r":1.0,
      "f":0.8
    },
    "ZAE C":{
      "p":0.6666666667,
      "r":1.0,
      "f":0.8
    },
    "ZR":{
      "p":0.7222222222,
      "r":0.9285714286,
      "f":0.8125
    },
    "ZM2":{
      "p":0.5,
      "r":1.0,
      "f":0.6666666667
    },
    "ZM4":{
      "p":1.0,
      "r":0.05,
      "f":0.0952380952
    },
    "ZC2":{
      "p":0.625,
      "r":0.5555555556,
      "f":0.5882352941
    },
    "ZC4":{
      "p":0.3529411765,
      "r":1.0,
      "f":0.5217391304
    },
    "ZR-A":{
      "p":0.0,
      "r":0.0,
      "f":0.0
    },
    "ZR-B":{
      "p":0.0,
      "r":0.0,
      "f":0.0
    },
    "ZAE-A":{
      "p":0.0952380952,
      "r":1.0,
      "f":0.1739130435
    },
    "ZAE-C":{
      "p":0.5,
      "r":1.0,
      "f":0.6666666667
    },
    "ZAE-A-BG":{
      "p":0.0,
      "r":0.0,
      "f":0.0
    },
    "ZAE-C-BG":{
      "p":0.0,
      "r":0.0,
      "f":0.0
    },
    "ZM1-A-BG":{
      "p":0.0,
      "r":0.0,
      "f":0.0
    },
    "ZM1-B-BG":{
      "p":0.0,
      "r":0.0,
      "f":0.0
    },
    "ZM1-C-BG":{
      "p":0.0,
      "r":0.0,
      "f":0.0
    },
    "ZAE-B":{
      "p":0.0,
      "r":0.0,
      "f":0.0
    }
  },
  "cats_auc_per_type":{
    "ZM1":1.0,
    "ZAE A":1.0,
    "ZAE B":1.0,
    "ZAE C":1.0,
    "ZR":1.0,
    "ZM2":0.9377185315,
    "ZM4":0.9611510791,
    "ZC2":1.0,
    "ZC4":1.0,
    "ZR-A":1.0,
    "ZR-B":1.0,
    "ZAE-A":0.9648309706,
    "ZAE-C":0.9626499455,
    "ZAE-A-BG":0.9648309706,
    "ZAE-C-BG":0.9626499455,
    "ZM1-A-BG":0.9630490956,
    "ZM1-B-BG":0.974987975,
    "ZM1-C-BG":0.9810787299,
    "ZAE-B":1.0
  },
  "speed":461113.3306495696
}