{
  "token_acc":1.0,
  "token_p":1.0,
  "token_r":1.0,
  "token_f":1.0,
  "sents_p":null,
  "sents_r":null,
  "sents_f":null,
  "cats_score":0.3130753086,
  "cats_score_desc":"macro F",
  "cats_micro_p":0.5911949686,
  "cats_micro_r":0.5911949686,
  "cats_micro_f":0.5911949686,
  "cats_macro_p":0.3938596491,
  "cats_macro_r":0.4123026865,
  "cats_macro_f":0.3130753086,
  "cats_macro_auc":0.9773407951,
  "cats_f_per_type":{
    "ZM1":{
      "p":0.9833333333,
      "r":0.6210526316,
      "f":0.7612903226
    },
    "ZAE A":{
      "p":1.0,
      "r":0.25,
      "f":0.4
    },
    "ZAE B":{
      "p":1.0,
      "r":0.5,
      "f":0.6666666667
    },
    "ZAE C":{
      "p":0.2857142857,
      "r":1.0,
      "f":0.4444444444
    },
    "ZR":{
      "p":0.8,
      "r":0.8571428571,
      "f":0.8275862069
    },
    "ZM2":{
      "p":0.3,
      "r":1.0,
      "f":0.4615384615
    },
    "ZM4":{
      "p":1.0,
      "r":0.05,
      "f":0.0952380952
    },
    "ZC2":{
      "p":0.7142857143,
      "r":0.5555555556,
      "f":0.625
    },
    "ZC4":{
      "p":0.2,
      "r":1.0,
      "f":0.3333333333
    },
    "ZR-A":{
      "p":0.0,
      "r":0.0,
      "f":0.0
    },
    "ZR-B":{
      "p":0.0,
      "r":0.0,
      "f":0.0
    },
    "ZAE-A":{
      "p":1.0,
      "r":1.0,
      "f":1.0
    },
    "ZAE-C":{
      "p":0.2,
      "r":1.0,
      "f":0.3333333333
    },
    "ZAE-A-BG":{
      "p":0.0,
      "r":0.0,
      "f":0.0
    },
    "ZAE-C-BG":{
      "p":0.0,
      "r":0.0,
      "f":0.0
    },
    "ZM1-A-BG":{
      "p":0.0,
      "r":0.0,
      "f":0.0
    },
    "ZM1-B-BG":{
      "p":0.0,
      "r":0.0,
      "f":0.0
    },
    "ZM1-C-BG":{
      "p":0.0,
      "r":0.0,
      "f":0.0
    },
    "ZAE-B":{
      "p":0.0,
      "r":0.0,
      "f":0.0
    }
  },
  "cats_auc_per_type":{
    "ZM1":1.0,
    "ZAE A":0.9903225806,
    "ZAE B":0.8779220779,
    "ZAE C":1.0,
    "ZR":0.9912801484,
    "ZM2":0.9379370629,
    "ZM4":0.9561151079,
    "ZC2":1.0,
    "ZC4":0.999734748,
    "ZR-A":1.0,
    "ZR-B":1.0,
    "ZAE-A":0.9648309706,
    "ZAE-C":0.9604689204,
    "ZAE-A-BG":0.9648309706,
    "ZAE-C-BG":0.9604689204,
    "ZM1-A-BG":0.9710594315,
    "ZM1-B-BG":0.9971139971,
    "ZM1-C-BG":0.9973901696,
    "ZAE-B":1.0
  },
  "speed":468234.962429755
}